"Tanggal","Terakhir","Pembukaan","Tertinggi","Terendah","Vol.","Perubahan%"
"26/09/2024","969,20","973,59","974,93","963,98","3,86B","-0,81%"
"25/09/2024","977,15","979,45","980,72","958,70","14,28B","-0,84%"
"24/09/2024","985,41","984,91","988,27","983,06","5,49B","0,02%"
"23/09/2024","985,26","973,10","985,26","972,10","7,25B","1,24%"
"20/09/2024","973,20","979,44","981,16","971,35","14,75B","-0,66%"
"19/09/2024","979,68","975,90","981,91","973,55","11,15B","0,97%"
"18/09/2024","970,25","969,69","973,61","966,12","10,81B","0,34%"
"17/09/2024","966,92","963,38","968,13","961,13","9,18B","0,79%"
"13/09/2024","959,36","960,09","961,30","953,55","5,78B","0,09%"
"12/09/2024","958,48","955,86","963,66","955,86","13,08B","0,72%"
"11/09/2024","951,63","953,72","955,73","948,45","4,23B","-0,02%"
"10/09/2024","951,84","952,34","952,87","945,82","9,13B","0,44%"
"09/09/2024","947,70","951,73","953,67","942,67","2,88B","-0,26%"
"06/09/2024","950,19","944,54","953,23","943,61","2,29B","0,68%"
"05/09/2024","943,78","943,08","947,67","939,42","2,12B","0,22%"
"04/09/2024","941,69","934,42","944,64","931,61","2,43B","-0,06%"
"03/09/2024","942,28","952,85","955,24","940,34","2,49B","-0,85%"
"02/09/2024","950,37","947,58","955,62","946,22","2,64B","0,62%"
"30/08/2024","944,48","945,28","947,74","938,27","7,18B","0,25%"
"29/08/2024","942,13","952,73","953,60","942,13","3,26B","-0,69%"
"28/08/2024","948,65","947,86","951,11","939,77","3,34B","0,23%"
"27/08/2024","946,51","948,48","950,27","939,76","3,02B","-0,37%"
"26/08/2024","950,06","944,18","953,56","943,75","3,08B","0,73%"
"23/08/2024","943,22","938,73","946,98","937,76","2,54B","0,95%"
"22/08/2024","934,36","937,79","940,98","928,58","3,14B","-0,85%"
"21/08/2024","942,37","944,94","948,76","940,80","4,97B","0,34%"
"20/08/2024","939,14","932,72","940,10","929,88","4,69B","1,18%"
"19/08/2024","928,17","924,68","928,17","920,69","2,65B","0,31%"
"16/08/2024","925,27","926,64","928,39","922,65","2,60B","0,63%"
"15/08/2024","919,52","924,01","925,44","914,49","3,04B","-0,34%"
"14/08/2024","922,64","916,48","925,32","913,64","4,93B","1,11%"
"13/08/2024","912,51","911,95","914,90","906,12","3,04B","0,47%"
"12/08/2024","908,20","909,26","909,98","902,60","5,93B","0,01%"
"09/08/2024","908,13","904,10","912,11","904,09","2,95B","1,03%"
"08/08/2024","898,90","903,94","906,70","897,65","3,13B","-0,54%"
"07/08/2024","903,79","903,09","906,90","898,93","3,02B","0,51%"
"06/08/2024","899,18","898,35","905,33","891,56","3,09B","0,95%"
"05/08/2024","890,71","908,71","909,16","882,15","8,59B","-3,12%"
"02/08/2024","919,37","921,15","925,16","914,44","3,92B","-0,66%"
"01/08/2024","925,51","917,47","926,03","915,48","3,16B","1,29%"
"31/07/2024","913,71","913,17","916,99","910,80","5,02B","0,32%"
"30/07/2024","910,76","919,88","920,54","908,98","2,98B","-1,07%"
"29/07/2024","920,60","923,65","927,49","918,00","3,13B","0,02%"
"26/07/2024","920,39","920,55","924,16","918,80","2,37B","0,46%"
"25/07/2024","916,16","917,75","918,31","908,84","2,79B","-0,11%"
"24/07/2024","917,17","920,15","923,48","915,04","4,09B","-0,66%"
"23/07/2024","923,26","926,34","927,17","919,59","14,07B","0,00%"
"22/07/2024","923,25","923,97","925,53","920,08","3,22B","0,40%"
"19/07/2024","919,53","919,31","920,21","912,32","3,40B","-0,35%"
"18/07/2024","922,78","911,56","923,69","910,60","4,08B","1,40%"
"17/07/2024","910,07","911,93","913,09","905,66","10,94B","0,61%"
"16/07/2024","904,55","914,72","915,84","903,16","1,59B","-0,88%"
"15/07/2024","912,58","922,07","922,58","908,44","1,74B","-0,85%"
"12/07/2024","920,38","922,25","925,61","917,61","2,05B","0,55%"
"11/07/2024","915,36","915,15","919,23","912,18","3,04B","0,33%"
"10/07/2024","912,33","912,33","916,23","910,24","9,70B","0,32%"
"09/07/2024","909,42","904,96","915,03","902,56","2,25B","0,56%"
"08/07/2024","904,33","908,46","908,66","899,45","2,60B","-0,25%"
"05/07/2024","906,64","905,47","911,00","901,68","1,82B","0,75%"
"04/07/2024","899,85","900,56","909,05","899,34","2,63B","0,25%"
"03/07/2024","897,60","898,49","898,91","889,97","2,17B","0,55%"
"02/07/2024","892,72","898,85","902,03","889,90","2,43B","-0,44%"
"01/07/2024","896,66","890,24","897,02","888,97","2,49B","1,01%"
"28/06/2024","887,73","879,33","893,08","878,82","3,66B","1,52%"
"27/06/2024","874,39","868,23","875,84","865,12","2,61B","1,29%"
"26/06/2024","863,29","862,18","870,19","861,47","3,51B","0,19%"
"25/06/2024","861,67","861,21","862,89","853,74","3,88B","-0,32%"
"24/06/2024","864,40","866,70","871,30","864,00","3,44B","-0,32%"
"21/06/2024","867,20","858,72","875,27","857,21","11,11B","1,45%"
"20/06/2024","854,78","844,74","854,78","841,32","5,34B","1,81%"
"19/06/2024","839,62","846,25","852,04","838,17","11,37B","-0,70%"
"14/06/2024","845,50","858,27","860,47","842,11","5,69B","-1,53%"
"13/06/2024","858,63","872,16","872,29","858,39","7,79B","-0,49%"
"12/06/2024","862,86","868,48","869,91","861,05","6,60B","-0,57%"
"11/06/2024","867,78","880,60","882,62","867,78","7,44B","-1,93%"
"10/06/2024","884,84","886,72","887,25","879,57","14,04B","0,10%"
"07/06/2024","883,93","894,69","895,40","882,94","3,90B","-0,92%"
"06/06/2024","892,10","890,95","896,91","884,97","5,45B","1,18%"
"05/06/2024","881,70","899,30","900,24","879,63","5,49B","-1,57%"
"04/06/2024","895,80","895,73","905,01","893,65","6,44B","0,85%"
"03/06/2024","888,28","883,75","891,50","876,08","5,12B","1,93%"
"31/05/2024","871,42","882,88","887,95","871,42","15,38B","-0,31%"
"30/05/2024","874,12","883,01","886,42","863,96","7,54B","-1,36%"
"29/05/2024","886,18","904,88","905,80","884,85","5,88B","-1,62%"
"28/05/2024","900,82","900,23","913,75","898,29","7,07B","1,24%"
"27/05/2024","889,79","895,00","902,09","889,25","9,29B","-0,68%"
"22/05/2024","895,84","894,02","900,51","891,30","4,64B","0,48%"
"21/05/2024","891,58","906,82","909,83","890,69","3,78B","-1,87%"
"20/05/2024","908,54","922,17","927,98","905,39","5,28B","-1,19%"
"17/05/2024","919,51","909,91","925,64","909,03","7,43B","1,12%"
"16/05/2024","909,31","906,67","912,59","904,90","4,89B","0,88%"
"15/05/2024","901,40","893,02","904,78","890,92","3,42B","0,99%"
"14/05/2024","892,58","895,20","898,78","891,01","3,24B","-0,33%"
"13/05/2024","895,55","887,55","897,21","885,36","4,27B","0,24%"
"08/05/2024","893,43","898,90","906,55","891,85","4,36B","-0,51%"
"07/05/2024","898,02","906,22","908,28","897,15","4,32B","-0,91%"
"06/05/2024","906,29","910,90","912,30","900,05","6,08B","0,33%"
"03/05/2024","903,33","904,15","908,31","894,89","6,48B","0,51%"
"02/05/2024","898,75","925,48","925,95","893,48","4,80B","-3,02%"
"01/05/2024","926,73","922,62","933,97","919,58","","0,00%"
"30/04/2024","926,73","922,62","933,97","919,58","5,80B","1,24%"
"29/04/2024","915,35","895,22","917,38","894,65","4,75B","1,84%"
"26/04/2024","898,78","919,45","921,89","898,78","4,50B","-2,68%"
"25/04/2024","923,49","929,79","931,81","920,62","3,72B","-0,84%"
"24/04/2024","931,35","931,16","936,67","924,88","5,02B","0,40%"
"23/04/2024","927,64","927,95","937,95","924,33","5,20B","0,67%"
"22/04/2024","921,46","922,77","926,69","912,32","4,07B","0,12%"
"19/04/2024","920,31","927,44","929,54","914,45","5,94B","-1,62%"
"18/04/2024","935,51","932,90","939,55","929,86","4,17B","0,77%"
"17/04/2024","928,35","943,30","946,71","928,35","5,13B","-0,75%"
"16/04/2024","935,34","928,68","947,27","924,96","8,00B","-2,95%"
"05/04/2024","963,73","965,73","970,61","963,49","2,77B","-0,42%"
"04/04/2024","967,77","954,85","968,67","954,78","3,27B","1,45%"
"03/04/2024","953,90","963,03","965,41","951,66","3,31B","-1,49%"
"02/04/2024","968,37","967,70","969,82","953,53","4,47B","-0,07%"
"01/04/2024","969,08","985,27","986,92","957,79","3,32B","-1,71%"
"28/03/2024","985,97","985,78","991,28","979,99","4,02B","-0,44%"
"27/03/2024","990,37","997,49","999,10","988,76","3,93B","-0,74%"
"26/03/2024","997,80","993,12","999,03","991,76","4,88B","-0,41%"
"25/03/2024","1.001,91","994,44","1.001,91","990,20","3,39B","0,52%"
"22/03/2024","996,74","992,41","997,24","990,58","3,74B","0,20%"
"21/03/2024","994,77","999,38","1.003,94","994,77","4,54B","0,19%"
"20/03/2024","992,93","989,97","995,32","988,12","7,90B","-0,42%"
"19/03/2024","997,15","997,57","1.004,03","996,14","4,85B","0,36%"
"18/03/2024","993,60","999,66","1.004,73","993,60","6,77B","-0,39%"
"15/03/2024","997,47","1.006,20","1.007,87","991,01","14,42B","-1,40%"
"14/03/2024","1.011,60","1.000,04","1.011,60","998,61","4,94B","0,81%"
"13/03/2024","1.003,48","1.009,18","1.009,61","999,94","4,41B","0,31%"
"08/03/2024","1.000,35","1.001,92","1.004,80","998,78","3,51B","0,38%"
"07/03/2024","996,56","996,01","1.000,61","993,85","8,53B","0,25%"
"06/03/2024","994,06","980,88","995,04","980,61","8,78B","1,45%"
"05/03/2024","979,88","986,29","987,72","979,30","3,84B","-0,21%"
"04/03/2024","981,95","989,42","990,45","979,79","7,06B","-0,60%"
"01/03/2024","987,90","990,48","992,88","981,24","4,13B","-0,21%"
"29/02/2024","989,93","996,85","998,06","986,28","9,35B","-0,73%"
"28/02/2024","997,25","994,16","999,31","990,87","9,81B","0,46%"
"27/02/2024","992,69","987,25","994,74","985,39","6,09B","0,11%"
"26/02/2024","991,60","990,33","994,28","986,72","3,43B","-0,26%"
"23/02/2024","994,16","999,65","1.001,65","988,87","3,97B","-0,83%"
"22/02/2024","1.002,51","1.005,33","1.008,34","1.000,13","3,46B","-0,59%"
"21/02/2024","1.008,41","1.009,39","1.012,28","997,44","5,26B","-0,24%"
"20/02/2024","1.010,87","1.003,57","1.010,87","1.001,90","3,99B","1,26%"
"19/02/2024","998,29","1.003,95","1.007,81","996,23","5,14B","-0,83%"
"16/02/2024","1.006,63","1.010,89","1.014,63","1.002,36","4,43B","0,33%"
"15/02/2024","1.003,32","1.016,24","1.017,38","1.003,32","5,88B","1,53%"
"13/02/2024","988,16","996,03","997,00","986,28","3,46B","-0,70%"
"12/02/2024","995,17","990,41","996,87","987,57","7,22B","1,22%"
"07/02/2024","983,14","984,47","986,94","981,41","2,81B","0,26%"
"06/02/2024","980,62","982,38","984,71","978,51","5,51B","0,53%"
"05/02/2024","975,49","984,36","985,44","975,49","5,35B","-0,93%"
"02/02/2024","984,67","981,69","984,67","975,46","3,59B","0,76%"
"01/02/2024","977,27","977,24","983,21","972,81","7,91B","0,31%"
"31/01/2024","974,22","976,40","981,20","972,59","6,27B","0,26%"
"30/01/2024","971,70","959,66","975,23","957,27","7,55B","1,02%"
"29/01/2024","961,92","953,67","961,92","952,36","7,60B","1,10%"
"26/01/2024","951,49","954,16","957,12","945,04","3,79B","-0,87%"
"25/01/2024","959,80","963,45","971,13","959,20","3,39B","-0,67%"
"24/01/2024","966,25","971,61","974,73","960,63","3,51B","-0,57%"
"23/01/2024","971,77","969,84","973,27","963,69","3,03B","-0,16%"
"22/01/2024","973,37","973,79","976,17","967,75","2,95B","0,07%"
"19/01/2024","972,67","976,87","978,71","968,04","3,15B","-0,03%"
"18/01/2024","972,96","968,59","976,38","967,80","4,13B","0,41%"
"17/01/2024","968,94","976,51","977,26","963,96","10,48B","-0,66%"
"16/01/2024","975,39","975,65","981,30","972,12","2,89B","0,14%"
"15/01/2024","974,06","980,54","982,27","972,10","3,04B","-0,38%"
"12/01/2024","977,82","974,80","979,72","972,10","4,33B","0,81%"
"11/01/2024","969,94","974,78","978,22","969,94","5,53B","0,08%"
"10/01/2024","969,14","967,27","974,29","963,17","2,55B","-0,10%"
"09/01/2024","970,08","979,83","982,38","967,05","3,91B","-0,65%"
"08/01/2024","976,44","988,65","994,77","974,87","2,66B","-1,00%"
"05/01/2024","986,26","992,16","998,34","986,26","2,38B","-0,24%"
"04/01/2024","988,64","975,70","991,47","973,81","2,96B","1,57%"
"03/01/2024","973,38","977,74","978,77","971,42","2,49B","-0,62%"
"02/01/2024","979,43","969,46","979,43","966,47","2,34B","0,91%"
"29/12/2023","970,57","978,01","978,27","969,27","2,85B","-0,67%"
"28/12/2023","977,07","973,18","979,40","971,76","2,79B","0,86%"
"27/12/2023","968,73","971,35","973,96","967,90","2,88B","0,14%"
"26/12/2023","967,36","967,68","969,99","964,74","","0,00%"
"22/12/2023","967,36","967,68","969,99","964,74","2,56B","0,33%"
"21/12/2023","964,18","963,49","964,67","957,84","2,73B","0,12%"
"20/12/2023","962,98","964,04","967,46","960,60","3,08B","0,35%"
"19/12/2023","959,60","948,25","959,60","946,67","5,75B","1,10%"
"18/12/2023","949,14","956,01","957,33","944,41","12,33B","-0,92%"
"15/12/2023","957,97","957,26","961,48","954,02","6,47B","0,24%"
"14/12/2023","955,64","945,67","956,64","943,95","11,04B","2,44%"
"13/12/2023","932,91","938,32","940,74","928,21","7,73B","-0,92%"
"12/12/2023","941,52","940,23","944,91","935,90","13,49B","0,51%"
"11/12/2023","936,71","945,92","949,04","931,63","36,09B","-1,44%"
"08/12/2023","950,37","945,44","956,83","941,79","15,89B","0,52%"
"07/12/2023","945,44","936,80","945,44","930,94","13,17B","0,92%"
"06/12/2023","936,80","940,75","945,18","936,74","14,92B","-0,42%"
"05/12/2023","940,75","940,03","943,27","931,86","19,40B","0,06%"
"04/12/2023","940,14","939,73","953,55","939,73","18,58B","0,05%"
"01/12/2023","939,71","929,89","939,71","928,54","14,91B","1,04%"
"30/11/2023","930,03","924,34","930,72","924,34","11,14B","0,62%"
"29/11/2023","924,34","925,39","930,21","922,09","4,60B","-0,11%"
"28/11/2023","925,39","924,13","931,71","923,52","5,00B","0,14%"
"27/11/2023","924,13","924,87","933,16","924,13","3,40B","-0,08%"
"24/11/2023","924,87","923,53","930,41","923,30","6,00B","0,15%"
"23/11/2023","923,50","912,62","926,44","912,52","10,86B","1,20%"
"22/11/2023","912,59","915,72","918,69","910,13","7,73B","-0,34%"
"21/11/2023","915,72","918,68","921,30","912,75","6,54B","-0,32%"
"20/11/2023","918,68","917,41","921,19","914,08","5,81B","0,14%"
"17/11/2023","917,41","920,44","920,64","911,89","4,09B","-0,33%"
"16/11/2023","920,41","920,15","920,71","909,71","3,84B","0,03%"
"15/11/2023","920,12","903,97","923,03","903,97","8,46B","1,79%"
"14/11/2023","903,91","901,16","908,73","900,35","6,50B","0,30%"
"13/11/2023","901,22","901,72","907,36","900,51","10,73B","-0,06%"
"10/11/2023","901,72","908,03","908,79","900,08","5,14B","-0,70%"
"09/11/2023","908,03","906,75","913,42","904,50","2,73B","0,14%"
"08/11/2023","906,75","913,40","913,46","899,03","4,94B","-0,73%"
"07/11/2023","913,43","918,85","920,16","907,30","5,91B","-0,59%"
"06/11/2023","918,85","904,15","918,85","903,81","13,05B","1,63%"
"03/11/2023","904,15","898,92","913,49","898,36","13,86B","0,58%"
"02/11/2023","898,92","878,93","904,75","878,93","11,06B","2,28%"
"01/11/2023","878,88","892,29","896,54","878,88","7,53B","-1,51%"
"31/10/2023","892,34","889,34","893,61","879,43","8,14B","0,34%"
"30/10/2023","889,34","892,89","893,62","883,90","4,84B","-0,40%"
"27/10/2023","892,92","889,32","898,74","889,19","5,55B","0,41%"
"26/10/2023","889,32","911,86","912,52","888,77","6,05B","-2,48%"
"25/10/2023","911,95","909,00","920,88","909,00","3,75B","0,33%"
"24/10/2023","908,97","898,98","913,80","898,72","3,35B","1,11%"
"23/10/2023","899,01","911,89","913,15","896,39","5,63B","-1,41%"
"20/10/2023","911,89","910,09","917,00","904,61","6,91B","0,20%"
"19/10/2023","910,09","925,36","925,43","910,09","5,32B","-1,66%"
"18/10/2023","925,42","932,63","933,69","925,35","5,46B","-0,77%"
"17/10/2023","932,63","935,06","937,99","930,66","6,74B","-0,26%"
"16/10/2023","935,06","939,58","944,07","930,69","21,02B","-0,48%"
"13/10/2023","939,55","943,40","948,57","936,58","10,15B","-0,41%"
"12/10/2023","943,45","944,72","953,48","943,45","8,94B","-0,13%"
"11/10/2023","944,69","946,36","951,42","944,69","6,45B","-0,18%"
"10/10/2023","946,36","944,58","953,48","944,58","2,83B","0,19%"
"09/10/2023","944,58","946,51","952,99","943,52","3,11B","-0,20%"
"06/10/2023","946,51","944,72","953,17","944,72","3,31B","0,19%"
"05/10/2023","944,67","949,31","955,69","944,67","4,39B","-0,48%"
"04/10/2023","949,23","956,07","956,56","944,40","5,23B","-0,72%"
"03/10/2023","956,07","957,09","960,57","953,00","4,20B","-0,11%"
"02/10/2023","957,09","952,69","961,81","952,63","2,34B","0,46%"
"29/09/2023","952,69","953,32","960,73","952,69","4,47B","-0,07%"
"27/09/2023","953,32","952,40","961,51","950,07","4,32B","0,10%"
"26/09/2023","952,40","962,55","966,41","950,33","7,29B","-1,06%"
"25/09/2023","962,60","968,18","970,09","962,60","3,14B","-0,57%"
"22/09/2023","968,15","966,66","973,96","965,03","2,43B","0,15%"
"21/09/2023","966,66","970,43","972,77","964,66","3,15B","-0,39%"
"20/09/2023","970,43","965,04","978,71","965,04","3,72B","0,56%"
"19/09/2023","965,04","955,91","968,39","955,73","2,22B","0,96%"
"18/09/2023","955,85","961,20","964,40","955,04","3,61B","-0,56%"
"15/09/2023","961,20","955,59","966,14","953,51","8,40B","0,59%"
"14/09/2023","955,61","954,20","958,06","951,33","3,33B","0,15%"
"13/09/2023","954,23","953,49","954,41","947,79","3,63B","0,08%"
"12/09/2023","953,46","958,72","960,68","952,30","3,82B","-0,55%"
"11/09/2023","958,72","952,38","958,72","949,22","5,59B","0,67%"
"08/09/2023","952,38","959,47","961,06","947,61","3,24B","-0,74%"
"07/09/2023","959,47","967,22","967,71","954,40","7,64B","-0,80%"
"06/09/2023","967,19","968,67","973,53","967,19","3,21B","-0,15%"
"05/09/2023","968,67","969,92","972,38","965,76","2,53B","-0,13%"
"04/09/2023","969,92","966,99","972,01","965,90","2,32B","0,31%"
"01/09/2023","966,96","962,25","970,29","961,65","3,13B","0,49%"
"31/08/2023","962,25","963,92","967,12","957,47","9,77B","-0,17%"
"30/08/2023","963,92","964,11","973,52","963,92","3,55B","-0,01%"
"29/08/2023","964,03","958,28","965,43","958,28","7,10B","0,60%"
"28/08/2023","958,28","956,80","962,74","956,80","2,33B","0,16%"
"25/08/2023","956,72","956,34","958,71","951,95","2,96B","0,04%"
"24/08/2023","956,34","960,13","963,71","956,34","3,76B","-0,39%"
"23/08/2023","960,13","962,96","967,66","960,13","4,37B","-0,29%"
"22/08/2023","962,96","953,74","965,68","952,54","3,51B","0,97%"
"21/08/2023","953,74","956,74","961,25","953,74","4,97B","-0,31%"
"18/08/2023","956,71","963,77","963,77","956,71","3,65B","-0,75%"
"16/08/2023","963,91","966,25","966,25","955,59","5,00B","-0,24%"
"15/08/2023","966,25","968,72","969,93","963,06","5,51B","-0,25%"
"14/08/2023","968,66","964,35","968,66","954,17","3,32B","0,45%"
"11/08/2023","964,35","966,48","968,89","962,24","4,77B","-0,22%"
"10/08/2023","966,48","965,30","971,41","964,62","6,02B","0,12%"
"09/08/2023","965,30","961,86","968,20","961,86","9,88B","0,36%"
"08/08/2023","961,86","966,43","970,42","960,85","4,87B","-0,47%"
"07/08/2023","966,40","958,97","969,81","958,97","3,04B","0,77%"
"04/08/2023","958,97","967,06","969,98","958,97","2,47B","-0,83%"
"03/08/2023","967,03","960,14","972,24","956,87","2,98B","0,72%"
"02/08/2023","960,14","963,46","963,46","956,63","4,11B","-0,34%"
"01/08/2023","963,46","965,57","968,30","961,32","3,94B","-0,22%"
"31/07/2023","965,62","961,66","966,93","960,45","4,44B","0,41%"
"28/07/2023","961,66","959,30","961,66","954,06","2,74B","0,25%"
"27/07/2023","959,27","969,29","973,50","959,27","3,01B","-1,03%"
"26/07/2023","969,29","963,85","969,89","962,95","3,32B","0,56%"
"25/07/2023","963,85","962,14","970,50","962,14","4,04B","0,15%"
"24/07/2023","962,43","963,38","968,96","962,13","4,21B","-0,10%"
"21/07/2023","963,38","961,53","963,38","956,02","3,41B","0,19%"
"20/07/2023","961,53","958,34","965,30","957,67","3,28B","0,33%"
"18/07/2023","958,37","964,36","970,31","952,68","5,60B","-0,62%"
"17/07/2023","964,36","964,11","972,74","964,11","7,03B","0,03%"
"14/07/2023","964,09","956,95","964,69","956,27","4,60B","0,75%"
"13/07/2023","956,95","958,02","962,71","954,03","4,04B","-0,11%"
"12/07/2023","957,99","954,96","960,72","954,25","3,03B","0,32%"
"11/07/2023","954,96","949,19","956,34","949,08","3,69B","0,61%"
"10/07/2023","949,16","947,73","956,10","947,73","2,01B","0,15%"
"07/07/2023","947,73","956,34","956,34","947,62","3,39B","-0,91%"
"06/07/2023","956,40","953,30","958,42","950,24","3,32B","0,31%"
"05/07/2023","953,44","948,73","953,44","947,33","2,95B","0,50%"
"04/07/2023","948,73","952,60","956,19","947,10","3,23B","-0,40%"
"03/07/2023","952,57","945,67","952,57","945,48","3,26B","0,73%"
"27/06/2023","945,70","946,11","950,82","944,82","5,30B","-0,04%"
"26/06/2023","946,11","942,72","949,00","939,71","3,76B","0,36%"
"23/06/2023","942,72","944,37","947,05","941,77","2,74B","-0,17%"
"22/06/2023","944,37","954,72","956,63","944,37","3,79B","-1,08%"
"21/06/2023","954,69","948,81","954,98","944,58","3,02B","0,62%"
"20/06/2023","948,81","950,03","951,32","942,64","3,21B","-0,13%"
"19/06/2023","950,03","952,16","952,84","946,42","3,40B","-0,22%"
"16/06/2023","952,16","952,21","954,63","943,91","7,06B","-0,01%"
"15/06/2023","952,27","949,81","952,93","944,26","4,65B","0,26%"
"14/06/2023","949,81","952,55","956,03","946,13","5,24B","-0,29%"
"13/06/2023","952,58","952,72","955,35","947,60","5,93B","-0,01%"
"12/06/2023","952,72","954,36","954,50","946,86","5,51B","-0,16%"
"09/06/2023","954,24","953,33","955,79","948,26","8,77B","0,09%"
"08/06/2023","953,39","945,39","953,39","941,48","6,97B","0,85%"
"07/06/2023","945,39","946,71","949,59","939,17","5,54B","-0,14%"
"06/06/2023","946,68","946,57","951,92","939,29","12,12B","0,01%"
"05/06/2023","946,57","949,66","954,67","942,54","5,78B","-0,33%"
"31/05/2023","949,66","943,10","949,66","934,75","50,11B","0,70%"
"30/05/2023","943,10","946,58","951,09","940,49","7,88B","-0,37%"
"29/05/2023","946,58","942,31","946,82","934,08","6,48B","0,46%"
"26/05/2023","942,25","941,83","946,89","939,22","5,48B","0,05%"
"25/05/2023","941,83","948,48","950,49","941,83","5,80B","-0,70%"
"24/05/2023","948,48","946,11","950,15","941,98","4,95B","0,25%"
"23/05/2023","946,11","945,43","953,61","945,13","6,23B","0,07%"
"22/05/2023","945,43","939,57","951,84","935,18","6,18B","0,62%"
"19/05/2023","939,57","929,16","943,11","929,09","6,28B","1,12%"
"17/05/2023","929,16","929,74","936,81","929,16","7,70B","-0,06%"
"16/05/2023","929,77","935,00","938,58","926,55","5,10B","-0,56%"
"15/05/2023","935,00","932,36","936,67","925,16","5,47B","0,30%"
"12/05/2023","932,22","940,15","940,15","931,72","8,67B","-0,84%"
"11/05/2023","940,15","947,49","948,28","932,87","7,30B","-0,78%"
"10/05/2023","947,49","940,57","948,53","939,33","7,59B","0,75%"
"09/05/2023","940,48","938,05","942,40","933,13","6,08B","0,26%"
"08/05/2023","938,05","945,02","946,45","936,90","6,06B","-0,74%"
"05/05/2023","945,05","952,28","954,06","935,91","4,78B","-0,76%"
"04/05/2023","952,28","947,65","953,58","943,17","5,13B","0,49%"
"03/05/2023","947,65","955,61","956,54","940,33","3,45B","-0,83%"
"02/05/2023","955,61","961,75","963,09","945,61","3,50B","-0,64%"
"28/04/2023","961,75","965,08","968,84","959,08","4,71B","-0,35%"
"27/04/2023","965,08","963,34","968,02","956,97","7,61B","0,19%"
"26/04/2023","963,21","948,34","966,26","948,29","4,35B","1,57%"
"18/04/2023","948,34","943,42","952,90","942,70","2,46B","0,52%"
"17/04/2023","943,42","950,93","952,48","939,21","2,86B","-0,79%"
"14/04/2023","950,90","943,94","954,33","943,91","5,51B","0,74%"
"13/04/2023","943,89","943,09","947,78","940,28","7,07B","0,08%"
"12/04/2023","943,18","941,81","946,29","938,87","5,78B","0,15%"
"11/04/2023","941,78","935,59","941,78","929,79","7,21B","0,66%"
"10/04/2023","935,59","937,20","938,42","928,35","4,93B","-0,17%"
"06/04/2023","937,20","940,69","943,29","936,39","8,73B","-0,37%"
"05/04/2023","940,69","943,14","949,17","940,50","3,53B","-0,26%"
"04/04/2023","943,14","943,04","947,51","934,80","2,85B","0,01%"
"03/04/2023","943,07","937,68","946,46","937,65","3,63B","0,57%"
"31/03/2023","937,68","939,63","943,78","935,45","4,73B","-0,20%"
"30/03/2023","939,61","947,00","951,03","938,19","4,09B","-0,78%"
"29/03/2023","947,00","935,31","949,25","935,31","3,90B","1,25%"
"28/03/2023","935,31","929,10","936,66","929,10","3,06B","0,67%"
"27/03/2023","929,10","941,04","943,05","929,10","3,06B","-1,27%"
"24/03/2023","941,04","930,46","943,88","929,19","5,81B","1,19%"
"21/03/2023","929,99","915,57","929,99","914,23","5,72B","1,58%"
"20/03/2023","915,57","924,25","924,25","910,83","3,89B","-0,94%"
"17/03/2023","924,25","907,50","926,47","907,50","35,54B","1,85%"
"16/03/2023","907,50","914,19","914,90","903,43","4,82B","-0,73%"
"15/03/2023","914,19","917,38","929,86","914,19","4,66B","-0,35%"
"14/03/2023","917,38","939,78","939,78","916,33","6,01B","-2,39%"
"13/03/2023","939,84","937,08","944,10","931,72","5,76B","0,29%"
"10/03/2023","937,14","942,89","942,89","934,22","3,66B","-0,61%"
"09/03/2023","942,89","939,03","948,52","939,03","3,10B","0,41%"
"08/03/2023","939,03","935,74","939,03","930,04","5,59B","0,35%"
"07/03/2023","935,74","938,69","941,19","934,26","5,09B","-0,32%"
"06/03/2023","938,72","939,02","946,56","938,72","4,95B","-0,03%"
"03/03/2023","938,96","947,15","951,48","937,58","3,66B","-0,86%"
"02/03/2023","947,15","945,85","951,01","945,10","4,19B","0,14%"
"01/03/2023","945,82","942,94","951,79","942,94","5,48B","0,30%"
"28/02/2023","942,97","948,08","954,61","942,97","6,17B","-0,54%"
"27/02/2023","948,08","946,93","948,48","940,60","3,43B","0,12%"
"24/02/2023","946,93","944,43","953,00","944,43","4,12B","0,27%"
"23/02/2023","944,43","940,02","944,71","938,33","3,49B","0,47%"
"22/02/2023","939,99","950,48","950,89","934,95","5,84B","-1,11%"
"21/02/2023","950,51","954,85","957,96","950,16","4,19B","-0,46%"
"20/02/2023","954,85","954,41","957,35","948,66","8,07B","0,05%"
"17/02/2023","954,38","953,49","958,33","950,52","8,81B","0,09%"
"16/02/2023","953,49","957,64","960,50","951,41","5,20B","-0,43%"
"15/02/2023","957,64","960,31","960,88","948,38","4,27B","-0,28%"
"14/02/2023","960,31","953,22","960,31","953,22","4,41B","0,74%"
"13/02/2023","953,22","952,45","956,88","949,28","11,80B","0,08%"
"10/02/2023","952,45","951,82","952,45","937,86","2,63B","0,02%"
"09/02/2023","952,23","958,95","962,91","951,51","6,37B","-0,70%"
"08/02/2023","958,95","956,61","960,07","953,56","4,29B","0,24%"
"07/02/2023","956,61","948,45","959,43","948,19","4,96B","0,86%"
"06/02/2023","948,45","952,80","956,52","941,66","3,62B","-0,46%"
"03/02/2023","952,80","943,07","957,85","943,07","7,23B","1,04%"
"02/02/2023","943,04","941,14","945,87","938,67","8,05B","0,20%"
"01/02/2023","941,14","936,40","946,29","936,40","3,78B","0,50%"
"31/01/2023","936,49","945,44","945,45","935,34","4,69B","-0,95%"
"30/01/2023","945,43","949,74","952,67","937,49","3,61B","-0,45%"
"27/01/2023","949,73","941,64","956,18","941,64","3,98B","0,86%"
"26/01/2023","941,64","932,34","943,85","931,52","4,20B","1,00%"
"25/01/2023","932,34","939,35","941,33","931,09","6,71B","-0,75%"
"24/01/2023","939,35","941,01","945,18","935,77","7,77B","-0,18%"
"20/01/2023","941,01","937,61","942,88","936,27","5,15B","0,36%"
"19/01/2023","937,61","929,76","938,53","927,72","3,83B","0,84%"
"18/01/2023","929,76","929,82","933,54","921,88","5,38B","-0,01%"
"17/01/2023","929,85","913,32","935,79","913,32","9,41B","1,81%"
"16/01/2023","913,32","905,49","913,32","902,90","4,59B","0,86%"
"13/01/2023","905,49","905,68","909,26","898,22","7,75B","-0,02%"
"12/01/2023","905,68","894,95","911,22","893,01","4,12B","1,20%"
"11/01/2023","894,95","901,09","901,14","889,01","2,37B","-0,68%"
"10/01/2023","901,09","915,86","916,22","894,19","3,52B","-1,61%"
"09/01/2023","915,86","913,02","919,34","906,39","3,46B","0,31%"
"06/01/2023","913,02","909,65","913,98","899,61","2,19B","0,37%"
"05/01/2023","909,66","928,54","928,57","902,98","3,94B","-2,03%"
"04/01/2023","928,53","940,46","941,88","928,53","3,28B","-1,27%"
"03/01/2023","940,46","935,08","945,03","931,78","3,86B","0,57%"
"02/01/2023","935,08","937,20","937,22","929,77","1,54B","-0,22%"
"30/12/2022","937,18","939,88","944,83","937,18","3,95B","-0,29%"
"29/12/2022","939,87","933,69","940,06","926,80","5,04B","0,66%"
"28/12/2022","933,69","940,39","942,56","930,52","2,94B","-0,71%"
"27/12/2022","940,38","935,15","941,98","935,12","3,70B","0,56%"
"26/12/2022","935,15","934,27","938,91","931,22","2,37B","0,09%"
"23/12/2022","934,26","941,69","941,69","933,13","2,38B","-0,79%"
"22/12/2022","941,70","941,66","945,71","939,29","2,48B","0,00%"
"21/12/2022","941,66","938,90","942,78","935,22","3,66B","0,29%"
"20/12/2022","938,90","946,85","947,02","936,98","4,40B","-0,84%"
"19/12/2022","946,85","951,18","953,62","941,28","3,10B","-0,46%"
"16/12/2022","951,18","942,36","951,32","932,16","4,61B","0,94%"
"15/12/2022","942,36","951,17","951,18","940,01","4,46B","-0,93%"
"14/12/2022","951,16","952,80","959,50","944,95","10,18B","-0,17%"
"13/12/2022","952,79","938,75","955,68","934,94","27,98B","1,50%"
"12/12/2022","938,75","933,01","938,75","923,50","1,77B","0,61%"
"09/12/2022","933,01","944,22","944,22","928,84","1,70B","-1,19%"
"08/12/2022","944,22","945,58","947,17","927,73","2,32B","-0,14%"
"07/12/2022","945,58","961,84","961,86","944,66","2,08B","-1,69%"
"06/12/2022","961,84","979,16","979,16","956,07","2,11B","-1,77%"
"05/12/2022","979,15","989,59","989,59","979,15","2,25B","-1,05%"
"02/12/2022","989,59","995,96","996,16","984,33","1,70B","-0,64%"
"01/12/2022","995,96","1.008,26","1.009,91","995,45","2,68B","-1,22%"
"30/11/2022","1.008,28","995,23","1.010,21","991,16","8,37B","1,31%"
"29/11/2022","995,22","996,75","999,81","992,13","3,39B","-0,15%"
"28/11/2022","996,76","1.001,73","1.007,51","996,74","3,48B","-0,50%"
"25/11/2022","1.001,74","1.004,33","1.005,21","994,82","2,01B","-0,26%"
"24/11/2022","1.004,32","998,51","1.007,68","998,51","1,85B","0,58%"
"23/11/2022","998,50","996,88","1.005,72","996,07","2,23B","0,16%"
"22/11/2022","996,87","1.002,40","1.008,84","996,87","3,04B","-0,55%"
"21/11/2022","1.002,40","1.009,50","1.013,12","1.001,78","2,31B","-0,70%"
"18/11/2022","1.009,50","1.004,93","1.012,96","1.000,84","2,70B","0,46%"
"17/11/2022","1.004,92","1.000,96","1.007,90","992,73","2,03B","0,40%"
"16/11/2022","1.000,96","1.004,36","1.006,55","990,09","3,50B","-0,34%"
"15/11/2022","1.004,36","1.001,02","1.006,55","998,08","2,00B","0,33%"
"14/11/2022","1.001,02","1.012,94","1.014,96","1.000,04","2,56B","-1,18%"
"11/11/2022","1.012,94","991,68","1.016,64","991,68","5,46B","2,15%"
"10/11/2022","991,65","1.009,21","1.009,21","990,13","2,97B","-1,74%"
"09/11/2022","1.009,21","1.005,73","1.009,57","1.002,60","2,53B","0,34%"
"08/11/2022","1.005,74","1.015,29","1.016,63","1.003,69","1,54B","-0,94%"
"07/11/2022","1.015,28","1.005,98","1.015,28","998,87","2,32B","0,92%"
"04/11/2022","1.005,98","1.001,30","1.005,98","993,09","2,36B","0,47%"
"03/11/2022","1.001,30","999,10","1.005,23","989,26","3,26B","0,22%"
"02/11/2022","999,10","1.007,37","1.010,28","992,36","2,42B","-0,82%"
"01/11/2022","1.007,37","1.014,13","1.020,56","1.001,07","2,43B","-0,67%"
"31/10/2022","1.014,12","1.009,70","1.017,48","1.008,85","2,42B","0,44%"
"28/10/2022","1.009,70","1.012,77","1.014,14","1.002,66","2,07B","-0,30%"
"27/10/2022","1.012,77","1.004,19","1.014,51","1.004,19","2,57B","0,86%"
"26/10/2022","1.004,18","1.005,84","1.010,23","1.000,71","3,63B","-0,16%"
"25/10/2022","1.005,83","1.006,51","1.015,82","1.002,72","3,24B","-0,07%"
"24/10/2022","1.006,50","1.000,36","1.013,25","1.000,30","2,82B","0,61%"
"21/10/2022","1.000,36","993,69","1.008,40","992,22","2,35B","0,67%"
"20/10/2022","993,68","974,07","996,19","971,37","3,50B","2,01%"
"19/10/2022","974,07","971,35","978,70","965,31","2,03B","0,28%"
"18/10/2022","971,35","972,68","983,43","969,42","2,33B","-0,14%"
"17/10/2022","972,67","966,74","974,87","957,46","2,57B","0,61%"
"14/10/2022","966,74","978,49","989,74","966,74","2,25B","-1,20%"
"13/10/2022","978,48","984,56","988,60","978,48","2,00B","-0,62%"
"12/10/2022","984,56","988,42","994,03","978,50","2,49B","-0,39%"
"11/10/2022","988,42","996,69","998,20","988,16","1,92B","-0,83%"
"10/10/2022","996,69","999,37","999,98","987,30","1,54B","-0,27%"
"07/10/2022","999,39","1.010,68","1.010,76","996,92","1,43B","-1,12%"
"06/10/2022","1.010,68","1.011,63","1.021,68","1.009,58","2,07B","-0,09%"
"05/10/2022","1.011,63","1.014,65","1.022,31","1.011,63","1,92B","-0,30%"
"04/10/2022","1.014,65","1.006,40","1.021,14","1.006,40","2,14B","0,82%"
"03/10/2022","1.006,37","1.011,47","1.013,16","1.003,88","1,96B","-0,50%"
"30/09/2022","1.011,47","1.009,03","1.015,66","993,45","3,06B","0,24%"
"29/09/2022","1.009,03","1.013,52","1.022,69","1.006,97","1,90B","-0,44%"
"28/09/2022","1.013,51","1.015,98","1.026,63","1.009,77","2,30B","-0,24%"
"27/09/2022","1.015,98","1.020,20","1.021,30","1.011,48","2,53B","-0,41%"
"26/09/2022","1.020,20","1.025,62","1.025,62","1.004,19","3,30B","-0,53%"
"23/09/2022","1.025,63","1.032,67","1.032,67","1.023,49","2,36B","-0,68%"
"22/09/2022","1.032,65","1.029,20","1.034,27","1.018,47","1,87B","0,33%"
"21/09/2022","1.029,22","1.028,19","1.029,93","1.019,03","2,17B","0,10%"
"20/09/2022","1.028,21","1.024,74","1.036,78","1.024,74","3,30B","0,34%"
"19/09/2022","1.024,73","1.016,02","1.032,08","1.013,47","3,05B","0,86%"
"16/09/2022","1.016,01","1.041,04","1.041,15","1.016,01","5,94B","-2,40%"
"15/09/2022","1.041,04","1.035,54","1.053,43","1.035,54","4,07B","0,53%"
"14/09/2022","1.035,52","1.042,62","1.042,62","1.026,46","3,19B","-0,68%"
"13/09/2022","1.042,64","1.032,79","1.048,25","1.032,78","2,93B","0,95%"
"12/09/2022","1.032,79","1.032,01","1.037,64","1.028,02","2,25B","0,08%"
"09/09/2022","1.032,00","1.028,07","1.035,77","1.024,48","2,26B","0,38%"
"08/09/2022","1.028,06","1.019,67","1.036,66","1.019,63","3,70B","0,82%"
"07/09/2022","1.019,67","1.027,01","1.028,74","1.016,41","3,28B","-0,72%"
"06/09/2022","1.027,01","1.029,30","1.038,79","1.027,01","1,70B","-0,22%"
"05/09/2022","1.029,30","1.019,79","1.031,95","1.014,52","1,46B","0,93%"
"02/09/2022","1.019,79","1.016,93","1.026,51","1.014,59","1,20B","0,28%"
"01/09/2022","1.016,93","1.022,82","1.025,26","1.014,43","1,17B","-0,58%"
"31/08/2022","1.022,82","1.021,76","1.023,80","1.005,10","4,06B","0,11%"
"30/08/2022","1.021,75","1.016,31","1.033,94","1.016,04","2,62B","0,54%"
"29/08/2022","1.016,30","1.014,24","1.016,30","994,05","2,86B","0,20%"
"26/08/2022","1.014,27","1.021,50","1.025,40","1.014,27","2,49B","-0,71%"
"25/08/2022","1.021,48","1.026,61","1.028,63","1.016,20","2,10B","-0,50%"
"24/08/2022","1.026,61","1.023,01","1.029,10","1.021,14","2,16B","0,35%"
"23/08/2022","1.023,00","1.014,66","1.027,74","1.014,47","3,27B","0,82%"
"22/08/2022","1.014,68","1.022,99","1.023,33","1.006,44","3,02B","-0,81%"
"19/08/2022","1.022,99","1.026,34","1.033,08","1.022,99","2,59B","-0,33%"
"18/08/2022","1.026,33","1.016,36","1.026,48","1.014,09","3,54B","0,98%"
"16/08/2022","1.016,36","1.005,79","1.017,50","1.005,64","4,03B","1,05%"
"15/08/2022","1.005,79","1.012,04","1.016,71","1.003,62","2,17B","-0,62%"
"12/08/2022","1.012,04","1.018,33","1.019,24","1.009,59","2,27B","-0,62%"
"11/08/2022","1.018,33","1.007,80","1.022,23","1.007,80","3,47B","1,04%"
"10/08/2022","1.007,80","1.008,71","1.008,92","994,42","2,51B","-0,09%"
"09/08/2022","1.008,71","1.007,14","1.017,22","1.007,02","3,12B","0,16%"
"08/08/2022","1.007,14","1.007,80","1.009,98","1.001,51","3,02B","-0,07%"
"05/08/2022","1.007,80","1.003,77","1.008,88","1.000,10","2,90B","0,40%"
"04/08/2022","1.003,77","999,95","1.005,29","996,40","3,88B","0,38%"
"03/08/2022","999,95","988,61","999,95","985,73","3,55B","1,15%"
"02/08/2022","988,61","981,99","988,61","973,51","3,03B","0,67%"
"01/08/2022","981,99","978,63","989,57","978,26","2,83B","0,34%"
"29/07/2022","978,63","980,27","992,94","978,63","3,36B","-0,17%"
"28/07/2022","980,25","974,48","986,90","974,48","4,65B","0,59%"
"27/07/2022","974,46","968,47","975,86","966,77","3,04B","0,62%"
"26/07/2022","968,48","967,14","973,68","966,85","2,28B","0,14%"
"25/07/2022","967,13","974,06","977,71","967,13","1,86B","-0,71%"
"22/07/2022","974,04","971,55","976,15","968,52","2,72B","0,26%"
"21/07/2022","971,55","973,96","976,62","960,92","2,20B","-0,25%"
"20/07/2022","973,95","949,16","974,79","949,14","4,02B","2,61%"
"19/07/2022","949,14","940,78","950,96","932,48","3,47B","0,89%"
"18/07/2022","940,77","938,98","947,02","930,91","2,65B","0,19%"
"15/07/2022","938,95","948,57","952,24","938,05","2,71B","-1,01%"
"14/07/2022","948,57","936,43","950,53","931,93","2,52B","1,30%"
"13/07/2022","936,43","949,50","950,95","935,09","2,80B","-1,38%"
"12/07/2022","949,50","952,21","955,36","948,93","2,31B","-0,28%"
"11/07/2022","952,20","959,64","963,24","947,28","2,01B","-0,78%"
"08/07/2022","959,68","946,59","960,55","946,59","3,23B","1,38%"
"07/07/2022","946,58","947,15","953,70","944,14","2,64B","-0,06%"
"06/07/2022","947,15","957,11","958,41","939,43","3,02B","-1,04%"
"05/07/2022","957,11","950,16","969,42","950,01","3,39B","0,73%"
"04/07/2022","950,15","974,34","974,75","937,59","3,02B","-2,48%"
"01/07/2022","974,33","991,93","997,41","970,31","2,98B","-1,78%"
"30/06/2022","991,93","995,71","1.004,19","990,84","3,41B","-0,38%"
"29/06/2022","995,71","1.007,64","1.010,76","995,71","2,90B","-1,18%"
"28/06/2022","1.007,64","1.010,75","1.010,90","1.000,46","3,24B","-0,31%"
"27/06/2022","1.010,74","1.019,00","1.022,63","1.003,54","3,50B","-0,81%"
"24/06/2022","1.018,98","1.013,23","1.023,86","1.012,09","5,07B","0,57%"
"23/06/2022","1.013,22","1.008,76","1.015,55","999,93","3,54B","0,44%"
"22/06/2022","1.008,76","1.018,05","1.021,07","1.005,17","4,03B","-0,91%"
"21/06/2022","1.018,04","1.006,78","1.019,05","1.004,37","4,79B","1,12%"
"20/06/2022","1.006,79","997,91","1.006,79","986,00","6,42B","0,89%"
"17/06/2022","997,90","1.004,98","1.008,45","990,75","5,78B","-1,96%"
"16/06/2022","1.017,89","1.025,16","1.034,41","1.013,14","6,96B","0,37%"
"15/06/2022","1.014,12","1.015,56","1.025,00","1.005,96","5,95B","-0,53%"
"14/06/2022","1.019,53","1.000,82","1.019,53","1.000,53","7,32B","0,93%"
"13/06/2022","1.010,14","1.000,09","1.010,14","994,86","7,13B","-0,89%"
"10/06/2022","1.019,24","1.029,10","1.033,75","1.013,49","7,15B","-1,73%"
"09/06/2022","1.037,18","1.040,12","1.051,32","1.037,15","9,40B","-0,43%"
"08/06/2022","1.041,61","1.029,80","1.044,95","1.022,75","2,74B","1,04%"
"07/06/2022","1.030,84","1.036,95","1.041,21","1.030,84","2,43B","-0,53%"
"06/06/2022","1.036,38","1.038,65","1.044,14","1.027,71","2,08B","-0,69%"
"03/06/2022","1.043,54","1.046,48","1.053,83","1.043,28","2,48B","0,35%"
"02/06/2022","1.039,90","1.051,66","1.054,65","1.035,66","3,13B","-1,60%"
"31/05/2022","1.056,78","1.036,09","1.056,78","1.033,82","5,65B","2,62%"
"30/05/2022","1.029,83","1.037,70","1.038,03","1.020,29","2,22B","-0,20%"
"27/05/2022","1.031,93","1.025,39","1.031,93","1.021,21","2,29B","2,22%"
"25/05/2022","1.009,51","1.016,10","1.021,40","1.007,51","2,41B","-0,63%"
"24/05/2022","1.015,93","1.006,39","1.022,26","1.006,39","2,89B","1,33%"
"23/05/2022","1.002,57","1.018,15","1.020,38","997,96","2,26B","-1,24%"
"20/05/2022","1.015,18","1.011,58","1.022,48","1.011,58","2,52B","0,69%"
"19/05/2022","1.008,20","998,26","1.012,27","989,99","2,76B","-0,77%"
"18/05/2022","1.016,00","1.011,90","1.018,51","1.003,84","2,73B","1,18%"
"17/05/2022","1.004,12","997,14","1.013,88","995,87","2,67B","0,82%"
"13/05/2022","995,98","989,91","1.005,05","983,60","3,73B","0,26%"
"12/05/2022","993,35","1.021,80","1.021,97","987,95","3,03B","-3,13%"
"11/05/2022","1.025,44","1.024,19","1.038,19","1.020,82","","0,43%"
"10/05/2022","1.021,08","986,84","1.023,18","986,84","3,81B","-0,47%"
"09/05/2022","1.025,94","1.067,27","1.069,26","1.023,51","4,02B","-5,48%"
"28/04/2022","1.085,44","1.088,83","1.093,61","1.084,41","3,67B","1,04%"
"27/04/2022","1.074,25","1.070,13","1.077,38","1.069,51","2,09B","-0,08%"
"26/04/2022","1.075,11","1.062,14","1.075,33","1.061,34","2,58B","1,06%"
"25/04/2022","1.063,85","1.051,67","1.066,52","1.041,82","2,52B","0,66%"
"22/04/2022","1.056,86","1.057,80","1.067,28","1.049,02","2,36B","-0,65%"
"21/04/2022","1.063,73","1.058,92","1.067,97","1.056,76","2,62B","0,95%"
"20/04/2022","1.053,68","1.043,81","1.058,74","1.041,80","3,28B","1,59%"
"19/04/2022","1.037,14","1.042,81","1.045,04","1.036,41","2,12B","-0,37%"
"18/04/2022","1.040,97","1.037,99","1.042,30","1.037,44","1,93B","0,51%"
"14/04/2022","1.035,67","1.045,25","1.046,46","1.034,88","2,27B","-0,87%"
"13/04/2022","1.044,75","1.042,80","1.045,98","1.039,71","2,53B","0,76%"
"12/04/2022","1.036,85","1.029,43","1.036,85","1.027,26","2,29B","0,74%"
"11/04/2022","1.029,27","1.043,98","1.043,98","1.028,28","2,26B","-1,39%"
"08/04/2022","1.043,82","1.038,20","1.045,49","1.035,92","2,12B","1,15%"
"07/04/2022","1.031,96","1.032,79","1.036,11","1.028,64","2,19B","0,18%"
"06/04/2022","1.030,12","1.034,57","1.037,23","1.027,53","2,15B","-0,84%"
"05/04/2022","1.038,85","1.035,07","1.038,85","1.030,93","1,78B","0,52%"
"04/04/2022","1.033,50","1.028,23","1.033,50","1.023,36","1,66B","0,58%"
"01/04/2022","1.027,52","1.027,94","1.028,90","1.019,09","2,15B","0,44%"
"31/03/2022","1.022,99","1.028,33","1.031,86","1.020,54","2,34B","-0,12%"
"30/03/2022","1.024,22","1.025,33","1.025,64","1.018,78","3,08B","0,50%"
"29/03/2022","1.019,08","1.027,66","1.031,37","1.018,25","2,41B","-0,76%"
"28/03/2022","1.026,84","1.017,16","1.027,79","1.014,48","2,65B","0,90%"
"25/03/2022","1.017,67","1.026,23","1.026,82","1.011,80","2,39B","-0,83%"
"24/03/2022","1.026,19","1.008,99","1.026,19","1.007,87","2,78B","1,43%"
"23/03/2022","1.011,68","1.014,08","1.016,11","1.006,38","2,48B","-0,01%"
"22/03/2022","1.011,75","1.008,61","1.012,30","1.006,32","2,55B","0,80%"
"21/03/2022","1.003,76","1.002,25","1.008,10","998,93","2,20B","0,00%"
"18/03/2022","1.003,77","1.010,00","1.012,28","999,69","3,94B","-0,20%"
"17/03/2022","1.005,82","1.018,18","1.020,13","1.003,62","3,15B","-0,77%"
"16/03/2022","1.013,61","1.008,09","1.013,61","1.003,75","3,19B","1,23%"
"15/03/2022","1.001,28","1.007,24","1.011,98","997,48","3,14B","-0,25%"
"14/03/2022","1.003,80","1.003,77","1.007,80","997,54","3,14B","0,61%"
"11/03/2022","997,70","985,85","997,70","983,27","2,53B","0,06%"
"10/03/2022","997,14","1.000,82","1.001,48","985,06","3,20B","0,38%"
"09/03/2022","993,38","992,09","999,27","987,18","3,56B","0,69%"
"08/03/2022","986,54","995,89","1.006,85","984,45","5,37B","-0,24%"
"07/03/2022","988,91","989,29","992,42","982,79","4,24B","-0,52%"
"04/03/2022","994,05","992,33","994,66","985,13","3,61B","1,62%"
"02/03/2022","978,16","995,18","998,04","976,38","2,76B","-0,96%"
"01/03/2022","987,65","1.006,66","1.008,51","987,65","3,39B","0,21%"
"25/02/2022","985,54","975,80","988,30","974,59","3,12B","1,22%"
"24/02/2022","973,65","981,89","986,75","962,73","4,10B","-1,16%"
"23/02/2022","985,08","977,83","985,08","975,31","2,13B","1,17%"
"22/02/2022","973,73","974,10","978,19","965,92","2,05B","-0,62%"
"21/02/2022","979,78","980,91","984,98","976,78","1,76B","-0,02%"
"18/02/2022","979,96","973,64","982,36","968,86","1,85B","0,67%"
"17/02/2022","973,40","974,11","977,00","964,25","1,56B","-0,32%"
"16/02/2022","976,51","979,06","980,95","974,55","1,77B","0,12%"
"15/02/2022","975,32","965,28","975,32","961,58","1,70B","1,32%"
"14/02/2022","962,64","966,45","967,53","954,40","1,97B","-0,93%"
"11/02/2022","971,68","972,09","974,82","963,76","1,66B","-0,20%"
"10/02/2022","973,64","978,44","980,49","971,10","2,45B","0,20%"
"09/02/2022","971,72","966,69","973,92","962,10","2,06B","1,01%"
"08/02/2022","962,01","967,19","976,01","962,01","2,44B","-0,27%"
"07/02/2022","964,61","956,33","965,16","953,62","2,05B","1,36%"
"04/02/2022","951,67","949,47","952,85","946,12","1,77B","0,61%"
"03/02/2022","945,94","952,16","952,38","939,57","1,83B","-0,21%"
"02/02/2022","947,89","944,90","950,11","941,68","2,10B","0,88%"
"31/01/2022","939,63","952,31","952,34","939,63","1,69B","-1,07%"
"28/01/2022","949,77","948,87","950,67","943,08","1,83B","0,29%"
"27/01/2022","947,02","943,86","949,91","940,91","1,88B","0,02%"
"26/01/2022","946,86","941,09","947,17","937,67","1,95B","0,80%"
"25/01/2022","939,34","944,19","944,65","930,73","1,95B","-1,07%"
"24/01/2022","949,49","953,95","955,23","946,89","1,29B","-1,07%"
"21/01/2022","959,76","943,31","959,76","938,72","1,54B","1,74%"
"20/01/2022","943,34","942,52","946,92","938,04","2,26B","0,50%"
"19/01/2022","938,61","943,97","944,68","937,01","2,11B","-0,66%"
"18/01/2022","944,82","950,33","952,29","932,20","2,20B","-0,34%"
"17/01/2022","948,02","957,20","957,30","943,71","1,91B","-0,52%"
"14/01/2022","952,95","949,12","955,18","945,19","1,62B","0,25%"
"13/01/2022","950,59","947,36","950,84","943,27","1,91B","0,71%"
"12/01/2022","943,93","943,95","946,86","937,57","2,18B","0,38%"
"11/01/2022","940,32","947,66","948,89","938,02","2,04B","-0,41%"
"10/01/2022","944,18","949,48","951,60","944,18","1,43B","-0,60%"
"07/01/2022","949,86","944,20","952,70","939,92","1,79B","0,99%"
"06/01/2022","940,50","942,30","943,35","930,29","1,89B","0,13%"
"05/01/2022","939,30","949,08","952,80","934,13","2,10B","-0,91%"
"04/01/2022","947,88","945,77","952,70","945,01","2,45B","0,48%"
"03/01/2022","943,32","932,42","945,98","931,90","1,24B","1,28%"
"30/12/2021","931,41","938,15","938,41","931,41","1,44B","-0,51%"
"29/12/2021","936,22","938,61","940,99","932,96","1,39B","-0,09%"
"28/12/2021","937,08","936,70","939,85","934,93","1,42B","0,38%"
"27/12/2021","933,49","933,24","935,41","931,32","1,08B","0,27%"
"24/12/2021","930,96","933,25","935,85","928,96","1,01B","-0,16%"
"23/12/2021","932,44","929,27","934,28","927,04","1,08B","0,59%"
"22/12/2021","926,93","939,54","940,95","926,93","1,24B","-0,86%"
"21/12/2021","934,96","932,39","939,50","931,26","1,34B","0,30%"
"20/12/2021","932,17","932,22","935,88","929,78","1,34B","-0,77%"
"17/12/2021","939,41","933,54","939,41","931,27","1,79B","0,24%"
"16/12/2021","937,11","950,02","951,27","936,04","1,89B","-0,78%"
"15/12/2021","944,48","940,30","950,05","938,87","2,01B","0,44%"
"14/12/2021","940,34","945,22","945,95","937,77","1,43B","-0,36%"
"13/12/2021","943,71","951,53","953,79","943,71","1,30B","-0,52%"
"10/12/2021","948,61","945,23","948,61","939,67","1,67B","-0,41%"
"09/12/2021","952,51","949,31","952,51","943,74","2,07B","0,73%"
"08/12/2021","945,59","953,10","953,66","943,64","2,97B","-0,48%"
"07/12/2021","950,17","945,55","950,17","944,53","2,65B","1,20%"
"06/12/2021","938,92","942,11","949,22","936,69","1,98B","0,00%"
"03/12/2021","938,93","950,29","951,86","938,93","1,50B","-1,11%"
"02/12/2021","949,49","933,50","950,80","930,66","2,59B","1,93%"
"01/12/2021","931,54","933,86","946,52","929,58","2,67B","0,06%"
"30/11/2021","930,97","950,78","954,21","930,97","3,61B","-2,07%"
"29/11/2021","950,67","939,04","953,71","927,39","","1,02%"
"26/11/2021","941,11","962,65","962,71","938,97","3,32B","-2,49%"
"25/11/2021","965,14","962,59","972,98","961,57","2,41B","0,66%"
"24/11/2021","958,84","962,92","963,33","956,72","1,67B","0,05%"
"23/11/2021","958,39","962,15","965,66","956,20","2,10B","-0,55%"
"22/11/2021","963,64","966,90","970,71","957,00","2,11B","0,00%"
"19/11/2021","963,64","949,72","964,86","948,74","1,78B","1,87%"
"18/11/2021","945,94","948,62","951,44","943,77","1,45B","-0,78%"
"17/11/2021","953,40","952,53","953,40","946,26","1,58B","0,56%"
"16/11/2021","948,11","938,11","949,76","937,45","1,44B","0,63%"
"15/11/2021","942,20","953,45","955,23","941,81","1,48B","-0,97%"
"12/11/2021","951,44","962,16","962,86","950,37","1,44B","-0,66%"
"11/11/2021","957,73","960,79","963,03","955,01","1,37B","-0,07%"
"10/11/2021","958,40","951,38","959,20","949,18","1,35B","0,61%"
"09/11/2021","952,63","952,34","955,23","949,13","1,41B","0,22%"
"08/11/2021","950,57","952,13","953,74","946,27","1,29B","0,27%"
"05/11/2021","947,97","951,00","951,93","939,70","1,45B","-0,02%"
"04/11/2021","948,17","954,68","955,94","948,17","1,71B","0,32%"
"03/11/2021","945,13","934,44","947,44","931,97","1,53B","1,24%"
"02/11/2021","933,55","945,68","947,91","931,94","1,59B","-1,16%"
"01/11/2021","944,49","958,80","959,29","944,49","1,62B","-0,85%"
"29/10/2021","952,59","952,49","954,65","947,90","1,93B","1,04%"
"28/10/2021","942,81","951,31","956,31","940,36","2,31B","-1,46%"
"27/10/2021","956,82","966,19","966,48","954,29","1,92B","-0,85%"
"26/10/2021","965,04","964,30","970,59","961,20","1,66B","0,39%"
"25/10/2021","961,32","966,37","972,42","961,32","1,66B","-0,98%"
"22/10/2021","970,79","964,82","972,32","959,62","2,14B","0,27%"
"21/10/2021","968,16","978,95","980,75","962,85","3,21B","-0,72%"
"19/10/2021","975,16","978,86","980,26","966,05","2,07B","-0,13%"
"18/10/2021","976,43","976,61","982,16","971,05","2,93B","0,43%"
"15/10/2021","972,21","977,13","981,80","962,09","2,48B","-0,05%"
"14/10/2021","972,66","963,81","976,90","963,76","2,74B","1,26%"
"13/10/2021","960,51","950,17","969,37","949,62","2,88B","1,47%"
"12/10/2021","946,61","942,16","950,60","941,87","3,39B","0,54%"
"11/10/2021","941,55","940,54","944,03","935,32","2,34B","0,18%"
"08/10/2021","939,88","930,31","941,60","929,14","2,40B","1,69%"
"07/10/2021","924,25","927,13","932,19","921,18","3,31B","-0,41%"
"06/10/2021","928,07","908,39","932,57","906,59","3,58B","2,87%"
"05/10/2021","902,17","909,82","913,05","899,33","3,70B","-0,97%"
"04/10/2021","911,01","887,54","911,01","887,50","3,27B","2,82%"
"01/10/2021","886,01","891,03","892,13","881,91","2,83B","-0,97%"
"30/09/2021","894,68","873,91","894,68","873,53","2,41B","2,80%"
"29/09/2021","870,34","856,78","870,52","855,07","1,97B","1,22%"
"28/09/2021","859,88","863,20","864,32","858,63","2,18B","-0,17%"
"27/09/2021","861,31","864,78","867,08","858,29","1,75B","-0,57%"
"24/09/2021","866,25","865,78","870,75","862,15","2,30B","0,09%"
"23/09/2021","865,51","864,31","867,76","862,37","1,95B","0,39%"
"22/09/2021","862,18","851,32","864,00","851,05","1,67B","1,23%"
"21/09/2021","851,73","847,84","854,10","840,96","1,88B","-0,36%"
"20/09/2021","854,83","861,27","861,30","848,51","1,82B","-0,88%"
"17/09/2021","862,44","859,11","862,44","854,27","2,02B","-0,03%"
"16/09/2021","862,70","869,91","871,00","860,49","1,50B","-0,40%"
"15/09/2021","866,13","868,77","869,85","863,37","1,95B","-0,48%"
"14/09/2021","870,30","869,09","870,94","866,32","2,07B","0,55%"
"13/09/2021","865,54","865,40","868,32","859,65","1,10B","-0,54%"
"10/09/2021","870,20","869,25","872,84","863,45","1,59B","-0,19%"
"09/09/2021","871,84","856,63","871,84","853,70","1,80B","1,78%"
"08/09/2021","856,60","872,36","873,51","851,77","1,72B","-1,70%"
"07/09/2021","871,38","877,39","878,20","870,25","1,55B","-0,36%"
"06/09/2021","874,54","877,27","879,32","870,33","2,10B","0,07%"
"03/09/2021","873,92","864,71","873,92","859,34","1,69B","1,28%"
"02/09/2021","862,86","861,16","864,30","857,28","1,15B","0,27%"
"01/09/2021","860,51","868,22","869,33","860,05","1,26B","-0,69%"
"31/08/2021","866,49","867,57","868,74","860,23","1,68B","-0,05%"
"30/08/2021","866,95","851,31","866,95","850,98","1,62B","2,51%"
"27/08/2021","845,71","849,46","849,98","843,69","1,13B","-0,53%"
"26/08/2021","850,21","856,55","858,75","844,66","1,03B","-0,93%"
"25/08/2021","858,17","856,91","859,42","854,38","1,31B","0,26%"
"24/08/2021","855,97","865,03","865,98","847,16","1,68B","-0,91%"
"23/08/2021","863,83","857,52","863,83","857,34","1,80B","1,03%"
"20/08/2021","855,04","849,92","855,54","842,08","1,52B","0,51%"
"19/08/2021","850,74","867,52","868,16","845,45","1,93B","-2,21%"
"18/08/2021","869,92","858,58","872,09","855,52","2,42B","2,00%"
"16/08/2021","852,85","853,01","853,67","842,09","1,38B","0,17%"
"13/08/2021","851,39","849,95","853,90","845,89","1,22B","0,66%"
"12/08/2021","845,84","834,49","845,84","832,47","1,79B","1,62%"
"10/08/2021","832,33","834,96","836,79","824,33","1,35B","0,07%"
"09/08/2021","831,75","844,16","845,12","827,14","1,34B","-1,47%"
"06/08/2021","844,14","857,50","858,70","842,83","1,32B","-1,04%"
"05/08/2021","853,01","847,43","856,84","845,45","1,91B","1,13%"
"04/08/2021","843,46","841,63","845,17","835,20","1,36B","0,59%"
"03/08/2021","838,54","832,74","841,90","831,48","1,58B","1,01%"
"02/08/2021","830,15","830,24","831,07","821,45","1,56B","0,86%"
"30/07/2021","823,04","836,95","839,52","823,04","2,07B","-1,17%"
"29/07/2021","832,75","835,01","836,45","831,05","1,63B","0,25%"
"28/07/2021","830,70","836,86","838,76","827,80","1,44B","-0,85%"
"27/07/2021","837,82","845,99","847,89","831,38","1,48B","-0,48%"
"26/07/2021","841,82","847,16","850,03","841,47","1,56B","-0,46%"
"23/07/2021","845,71","859,35","860,44","844,09","1,45B","-1,32%"
"22/07/2021","857,04","848,17","857,07","847,67","1,82B","1,86%"
"21/07/2021","841,42","842,66","847,14","839,53","1,79B","0,42%"
"19/07/2021","837,93","845,07","846,11","837,70","1,13B","-1,09%"
"16/07/2021","847,15","845,50","847,53","842,20","1,30B","0,71%"
"15/07/2021","841,20","830,97","841,44","829,53","1,30B","1,62%"
"14/07/2021","827,80","834,78","836,20","824,20","1,39B","-0,95%"
"13/07/2021","835,73","849,21","850,24","833,83","1,47B","-1,03%"
"12/07/2021","844,40","845,51","848,56","842,24","1,34B","0,48%"
"09/07/2021","840,34","839,90","842,58","837,37","1,30B","0,05%"
"08/07/2021","839,92","845,21","847,18","836,22","1,49B","-0,23%"
"07/07/2021","841,86","850,94","851,37","838,29","1,33B","-0,60%"
"06/07/2021","846,96","846,43","850,16","844,25","1,84B","0,48%"
"05/07/2021","842,90","851,72","852,72","839,79","1,16B","-1,01%"
"02/07/2021","851,52","851,14","855,78","848,01","1,20B","0,52%"
"01/07/2021","847,12","848,90","853,30","840,78","1,32B","0,27%"
"30/06/2021","844,85","839,76","849,53","839,76","1,66B","0,70%"
"29/06/2021","839,00","836,36","846,22","835,88","1,51B","0,42%"
"28/06/2021","835,50","852,17","854,25","835,50","1,39B","-2,15%"
"25/06/2021","853,85","858,58","861,00","853,85","1,26B","-0,10%"
"24/06/2021","854,70","863,82","864,21","854,27","1,11B","-0,57%"
"23/06/2021","859,61","871,21","874,29","859,61","1,35B","-1,02%"
"22/06/2021","868,47","861,77","874,97","858,51","1,64B","1,11%"
"21/06/2021","858,94","849,95","864,91","840,15","2,22B","-0,49%"
"18/06/2021","863,16","876,86","877,43","856,53","2,99B","-1,64%"
"17/06/2021","877,52","880,71","883,62","874,94","1,91B","-0,86%"
"16/06/2021","885,11","890,06","891,61","883,15","2,05B","-1,13%"
"15/06/2021","895,20","897,14","897,69","889,51","1,79B","-0,08%"
"14/06/2021","895,89","905,86","906,09","893,84","1,69B","-0,64%"
"11/06/2021","901,64","908,84","909,90","900,19","2,54B","-0,42%"
"10/06/2021","905,42","902,37","906,53","898,95","1,87B","0,72%"
"09/06/2021","898,91","886,72","899,04","886,32","1,62B","0,46%"
"08/06/2021","894,84","908,27","908,28","892,48","1,56B","-1,29%"
"07/06/2021","906,49","912,61","914,01","900,58","1,45B","-0,33%"
"04/06/2021","909,49","918,84","918,86","903,98","1,53B","-1,05%"
"03/06/2021","919,11","905,96","919,11","898,21","1,86B","1,64%"
"02/06/2021","904,24","902,82","905,25","897,12","2,61B","1,75%"
"31/05/2021","888,65","872,17","889,97","870,89","1,93B","2,54%"
"28/05/2021","866,67","872,49","875,06","866,57","1,59B","0,34%"
"27/05/2021","863,75","874,03","880,61","863,75","4,42B","-0,14%"
"25/05/2021","864,93","861,39","872,62","860,09","1,90B","0,74%"
"24/05/2021","858,61","863,76","865,03","857,32","1,44B","0,03%"
"21/05/2021","858,33","868,96","870,46","852,73","1,49B","-0,49%"
"20/05/2021","862,53","854,03","865,93","852,44","1,88B","0,91%"
"19/05/2021","854,76","863,36","865,77","852,13","1,26B","-1,57%"
"18/05/2021","868,39","870,40","873,33","861,22","1,47B","-0,13%"
"17/05/2021","869,49","886,29","887,09","866,30","1,93B","-1,52%"
"11/05/2021","882,93","886,13","886,33","877,08","1,34B","-0,63%"
"10/05/2021","888,50","884,34","891,82","883,36","1,50B","0,88%"
"07/05/2021","880,72","893,61","894,13","879,88","1,36B","-0,93%"
"06/05/2021","888,95","894,02","897,11","885,20","1,43B","-0,17%"
"05/05/2021","890,42","891,85","893,32","888,77","1,48B","0,17%"
"04/05/2021","888,92","885,52","889,43","881,96","1,46B","0,52%"
"03/05/2021","884,34","894,07","895,22","882,43","1,40B","-1,05%"
"30/04/2021","893,72","901,35","902,71","891,73","1,68B","-0,46%"
"29/04/2021","897,81","898,26","899,50","893,09","1,68B","0,78%"
"28/04/2021","890,90","890,92","895,59","889,19","1,42B","-0,05%"
"27/04/2021","891,35","897,22","900,28","888,75","1,61B","-0,09%"
"26/04/2021","892,18","902,67","904,67","890,46","1,57B","-1,17%"
"23/04/2021","902,74","895,15","904,56","891,56","1,28B","0,98%"
"22/04/2021","893,96","896,02","899,70","892,59","1,30B","0,13%"
"21/04/2021","892,79","895,07","900,42","892,79","1,17B","-1,08%"
"20/04/2021","902,56","897,03","902,56","894,30","1,24B","-0,07%"
"19/04/2021","903,15","907,08","908,48","898,83","1,35B","-0,50%"
"16/04/2021","907,67","914,40","914,85","903,07","1,84B","-0,08%"
"15/04/2021","908,43","906,92","908,43","897,33","1,45B","0,39%"
"14/04/2021","904,88","891,65","905,60","887,44","1,90B","2,63%"
"13/04/2021","881,68","881,71","886,22","873,29","1,76B","-0,13%"
"12/04/2021","882,81","908,35","909,01","881,56","1,61B","-2,61%"
"09/04/2021","906,49","913,40","915,84","906,49","1,54B","-0,01%"
"08/04/2021","906,61","903,97","908,38","901,49","1,64B","0,27%"
"07/04/2021","904,13","903,00","905,19","894,92","1,27B","0,46%"
"06/04/2021","900,02","896,62","901,72","890,83","1,42B","0,49%"
"05/04/2021","895,68","910,07","911,00","895,68","1,23B","-0,69%"
"01/04/2021","901,86","903,07","907,50","896,16","1,49B","-0,10%"
"31/03/2021","902,79","914,14","915,30","886,27","2,34B","-1,54%"
"30/03/2021","916,88","932,13","934,48","913,95","1,61B","-1,78%"
"29/03/2021","933,53","941,34","945,77","933,35","1,57B","-0,56%"
"26/03/2021","938,83","929,69","938,96","921,99","1,86B","1,53%"
"25/03/2021","924,67","927,60","931,51","914,93","1,47B","-0,14%"
"24/03/2021","925,96","935,60","936,90","924,88","1,53B","-1,55%"
"23/03/2021","940,52","952,08","953,30","938,52","1,44B","-0,40%"
"22/03/2021","944,28","956,34","957,18","943,18","1,42B","-1,41%"
"19/03/2021","957,74","955,71","957,74","947,78","2,35B","0,09%"
"18/03/2021","956,84","948,53","959,27","947,59","1,61B","1,83%"
"17/03/2021","939,63","945,60","946,36","937,34","1,42B","-0,37%"
"16/03/2021","943,11","949,34","951,26","941,53","1,49B","0,00%"
"15/03/2021","943,09","954,78","956,37","943,09","1,64B","-0,81%"
"12/03/2021","950,83","952,43","954,29","943,89","2,37B","1,24%"
"10/03/2021","939,20","936,52","940,90","930,04","1,68B","1,22%"
"09/03/2021","927,85","943,40","944,20","924,82","2,23B","-1,32%"
"08/03/2021","940,23","952,44","953,88","939,03","1,85B","-0,12%"
"05/03/2021","941,36","940,98","949,09","938,07","2,39B","-0,75%"
"04/03/2021","948,47","963,29","963,64","946,57","2,31B","-2,04%"
"03/03/2021","968,22","972,81","973,30","960,56","1,69B","0,06%"
"02/03/2021","967,66","974,94","977,18","965,00","2,34B","-0,01%"
"01/03/2021","967,72","955,63","967,72","950,55","2,71B","2,43%"
"26/02/2021","944,75","940,47","952,73","936,10","4,34B","-0,82%"
"25/02/2021","952,54","958,90","961,22","949,56","2,20B","0,19%"
"24/02/2021","950,72","962,24","965,53","949,92","2,43B","-0,89%"
"23/02/2021","959,21","954,11","961,26","950,69","2,46B","0,84%"
"22/02/2021","951,24","960,22","963,08","951,24","3,04B","-0,06%"
"19/02/2021","951,85","939,21","951,85","939,01","2,18B","1,19%"
"18/02/2021","940,68","947,91","956,94","940,68","2,29B","-0,63%"
"17/02/2021","946,67","960,51","961,57","943,88","2,41B","-1,38%"
"16/02/2021","959,89","964,00","965,14","957,04","2,06B","0,06%"
"15/02/2021","959,32","960,22","966,41","957,20","2,19B","0,60%"
"11/02/2021","953,56","958,29","959,22","950,24","1,92B","0,06%"
"10/02/2021","953,03","954,10","957,39","947,65","3,07B","0,28%"
"09/02/2021","950,33","962,91","972,27","948,38","3,45B","-0,75%"
"08/02/2021","957,56","964,24","966,93","956,44","3,00B","0,42%"
"05/02/2021","953,58","957,31","958,06","944,91","2,74B","0,45%"
"04/02/2021","949,30","949,66","964,15","942,84","2,84B","0,90%"
"03/02/2021","940,86","951,24","956,38","940,03","3,42B","0,23%"
"02/02/2021","938,71","960,59","961,45","934,39","3,51B","-0,91%"
"01/02/2021","947,30","910,46","950,49","885,93","5,41B","3,87%"
"29/01/2021","911,98","949,05","959,37","907,11","3,50B","-3,03%"
"28/01/2021","940,52","950,29","966,19","935,33","3,38B","-2,35%"
"27/01/2021","963,14","970,64","972,08","943,22","4,17B","-0,39%"
"26/01/2021","966,88","986,83","990,25","965,24","3,27B","-2,13%"
"25/01/2021","987,95","994,77","994,96","965,46","3,35B","-0,37%"
"22/01/2021","991,58","1.012,36","1.013,94","989,08","3,45B","-1,94%"
"21/01/2021","1.011,21","1.026,32","1.030,11","1.008,35","3,60B","-0,36%"
"20/01/2021","1.014,85","991,92","1.017,19","988,41","4,19B","2,61%"
"19/01/2021","989,05","1.005,93","1.009,04","982,99","3,08B","-0,92%"
"18/01/2021","998,26","986,53","1.002,53","979,10","4,07B","0,96%"
"15/01/2021","988,75","1.006,90","1.010,49","982,30","3,93B","-1,36%"
"14/01/2021","1.002,38","1.006,85","1.010,29","997,16","4,82B","-0,05%"
"13/01/2021","1.002,89","1.008,15","1.010,63","994,61","4,04B","0,65%"
"12/01/2021","996,44","1.003,74","1.009,51","993,02","4,43B","-0,46%"
"11/01/2021","1.001,02","984,33","1.001,90","984,00","4,04B","2,22%"
"08/01/2021","979,31","967,42","982,90","964,45","4,12B","2,30%"
"07/01/2021","957,31","952,48","959,92","950,65","4,36B","1,23%"
"06/01/2021","945,68","962,10","964,67","930,56","3,06B","-1,63%"
"05/01/2021","961,39","958,84","963,61","950,82","3,65B","0,29%"
"04/01/2021","958,65","939,01","959,71","926,41","3,47B","2,54%"
"30/12/2020","934,89","949,19","949,32","934,22","2,64B","-1,13%"
"29/12/2020","945,59","961,73","965,52","943,16","2,74B","-1,08%"
"28/12/2020","955,90","953,06","957,88","932,01","2,99B","2,04%"
"23/12/2020","936,79","947,82","955,90","908,71","3,82B","-0,23%"
"22/12/2020","938,98","966,23","969,74","936,90","3,92B","-3,30%"
"21/12/2020","970,99","969,54","977,38","961,35","4,16B","0,90%"
"18/12/2020","962,36","966,20","969,22","960,55","4,44B","-0,65%"
"17/12/2020","968,69","974,04","977,21","961,77","4,45B","-0,14%"
"16/12/2020","970,06","956,37","972,13","956,37","5,75B","2,47%"
"15/12/2020","946,73","941,24","946,73","932,89","3,78B","0,59%"
"14/12/2020","941,18","935,23","942,08","932,61","3,32B","1,21%"
"11/12/2020","929,94","937,95","942,15","928,99","3,20B","-0,26%"
"10/12/2020","932,33","940,84","943,67","928,03","4,32B","-0,10%"
"08/12/2020","933,28","939,18","940,06","927,79","3,75B","-0,32%"
"07/12/2020","936,32","927,90","938,27","927,02","2,84B","2,19%"
"04/12/2020","916,25","920,29","920,49","910,44","2,31B","-0,53%"
"03/12/2020","921,18","927,29","929,72","917,16","3,31B","-0,13%"
"02/12/2020","922,36","912,68","922,36","905,94","3,73B","1,94%"
"01/12/2020","904,83","890,15","908,57","879,50","3,46B","2,47%"
"30/11/2020","883,06","918,94","921,26","872,24","9,81B","-4,03%"
"27/11/2020","920,11","924,66","926,37","916,99","3,35B","-0,07%"
"26/11/2020","920,78","900,96","920,78","900,96","2,80B","1,92%"
"25/11/2020","903,46","917,55","922,83","903,36","3,41B","-0,49%"
"24/11/2020","907,88","908,54","910,81","902,10","3,10B","0,69%"
"23/11/2020","901,66","887,35","902,21","887,35","2,74B","1,89%"
"20/11/2020","884,90","889,29","894,86","881,98","2,42B","-0,25%"
"19/11/2020","887,12","880,90","892,68","879,36","2,91B","0,17%"
"18/11/2020","885,65","881,82","889,57","881,82","3,41B","0,44%"
"17/11/2020","881,81","879,60","888,24","876,84","3,57B","0,96%"
"16/11/2020","873,44","876,91","880,94","867,05","2,48B","0,72%"
"13/11/2020","867,20","863,57","869,31","859,24","1,90B","0,06%"
"12/11/2020","866,68","876,17","876,70","864,16","2,19B","-1,52%"
"11/11/2020","880,02","869,41","880,85","867,37","4,89B","1,86%"
"10/11/2020","863,97","858,60","865,53","853,01","4,55B","2,79%"
"09/11/2020","840,51","845,54","848,48","830,78","3,42B","0,67%"
"06/11/2020","834,90","820,56","835,60","812,80","2,78B","2,30%"
"05/11/2020","816,16","795,71","816,48","794,34","2,58B","4,48%"
"04/11/2020","781,13","797,94","800,94","781,13","1,96B","-1,72%"
"03/11/2020","794,77","793,01","795,09","789,51","2,09B","0,78%"
"02/11/2020","788,60","784,61","791,50","777,54","2,36B","-0,24%"
"27/10/2020","790,50","791,09","797,60","787,79","1,93B","-0,47%"
"26/10/2020","794,21","790,45","798,47","789,47","1,94B","0,56%"
"23/10/2020","789,82","794,15","794,36","786,02","2,36B","0,16%"
"22/10/2020","788,56","783,99","789,56","780,11","2,33B","0,17%"
"21/10/2020","787,20","790,95","793,79","785,23","2,78B","0,10%"
"20/10/2020","786,44","789,54","791,96","782,45","2,34B","-0,51%"
"19/10/2020","790,45","787,58","790,45","782,14","2,91B","0,89%"
"16/10/2020","783,45","784,80","786,21","775,06","1,92B","0,07%"
"15/10/2020","782,88","795,35","796,74","782,52","3,17B","-1,68%"
"14/10/2020","796,28","784,27","796,80","781,95","3,38B","1,62%"
"13/10/2020","783,55","777,31","783,97","769,28","1,96B","0,80%"
"12/10/2020","777,30","777,68","779,96","775,61","1,84B","0,72%"
"09/10/2020","771,77","769,82","773,13","767,65","1,45B","0,17%"
"08/10/2020","770,45","767,90","770,45","762,43","1,59B","0,83%"
"07/10/2020","764,09","758,44","766,00","755,79","1,42B","-0,01%"
"06/10/2020","764,16","766,77","769,62","763,26","1,55B","1,20%"
"05/10/2020","755,09","756,02","758,29","748,00","1,00B","0,56%"
"02/10/2020","750,86","761,44","761,54","741,51","1,56B","-1,34%"
"01/10/2020","761,05","745,17","761,05","744,96","1,45B","3,24%"
"30/09/2020","737,15","745,92","747,94","731,51","1,47B","-0,70%"
"29/09/2020","742,38","756,10","759,28","739,37","1,44B","-1,02%"
"28/09/2020","750,00","765,10","769,90","750,00","1,45B","-1,36%"
"25/09/2020","760,32","745,61","761,24","740,56","1,60B","2,75%"
"24/09/2020","740,00","743,44","750,45","735,88","1,45B","-1,88%"
"23/09/2020","754,18","759,60","765,73","745,09","1,50B","-0,29%"
"22/09/2020","756,38","754,27","765,32","751,51","1,44B","-1,51%"
"21/09/2020","767,97","780,17","781,99","765,25","1,59B","-1,58%"
"18/09/2020","780,32","775,76","781,87","770,84","2,82B","0,62%"
"17/09/2020","775,54","781,37","788,31","770,66","1,33B","-0,75%"
"16/09/2020","781,37","792,74","794,23","780,27","1,25B","-1,19%"
"15/09/2020","790,75","807,21","809,77","788,09","1,75B","-1,79%"
"14/09/2020","805,12","789,41","805,12","789,31","2,22B","3,44%"
"11/09/2020","778,32","730,92","780,53","727,91","3,45B","2,94%"
"10/09/2020","756,11","785,64","785,69","756,11","2,77B","-6,00%"
"09/09/2020","804,35","818,47","818,47","802,59","1,95B","-2,63%"
"08/09/2020","826,07","824,78","828,68","824,78","1,27B","0,25%"
"07/09/2020","823,99","824,78","826,92","816,16","1,30B","-0,20%"
"04/09/2020","825,62","834,74","834,72","815,26","1,56B","-1,09%"
"03/09/2020","834,74","843,17","846,82","827,95","1,77B","-1,00%"
"02/09/2020","843,17","841,25","847,71","837,93","1,71B","0,23%"
"01/09/2020","841,25","824,19","841,25","820,19","1,84B","2,07%"
"31/08/2020","824,19","847,75","852,52","822,53","3,07B","-2,78%"
"28/08/2020","847,75","852,66","854,73","843,26","1,93B","-0,58%"
"27/08/2020","852,66","849,52","854,79","843,86","1,83B","0,37%"
"26/08/2020","849,52","850,99","853,41","845,80","1,79B","-0,17%"
"25/08/2020","850,99","836,14","851,84","836,38","2,17B","1,78%"
"24/08/2020","836,14","834,84","839,33","830,33","1,96B","0,16%"
"19/08/2020","834,84","839,02","846,89","834,14","2,45B","-0,50%"
"18/08/2020","839,02","827,22","843,73","826,55","3,40B","1,43%"
"14/08/2020","827,22","825,80","828,92","821,58","2,02B","0,17%"
"13/08/2020","825,80","825,22","835,01","821,16","2,40B","0,07%"
"12/08/2020","825,22","812,30","826,78","809,66","3,60B","1,59%"
"11/08/2020","812,30","806,90","816,43","806,95","2,59B","0,67%"
"10/08/2020","806,90","806,19","809,10","802,66","1,71B","0,09%"
"07/08/2020","806,19","811,59","812,67","799,91","3,10B","-0,67%"
"06/08/2020","811,59","801,69","813,80","801,71","2,62B","1,23%"
"05/08/2020","801,69","789,90","802,43","786,06","2,63B","1,49%"
"04/08/2020","789,90","774,37","789,90","774,47","2,25B","2,01%"
"03/08/2020","774,37","803,01","804,86","760,47","3,07B","-3,57%"
"30/07/2020","803,01","795,38","803,01","792,05","2,68B","0,96%"
"29/07/2020","795,38","799,68","800,38","793,46","1,81B","-0,54%"
"28/07/2020","799,68","800,36","807,09","796,70","1,64B","-0,09%"
"27/07/2020","800,36","791,14","800,36","790,44","1,66B","1,17%"
"24/07/2020","791,14","806,55","807,03","791,14","1,87B","-1,91%"
"23/07/2020","806,55","799,72","811,28","799,83","2,67B","0,86%"
"22/07/2020","799,72","800,48","806,51","797,58","2,45B","-0,10%"
"21/07/2020","800,48","785,83","806,63","784,96","2,48B","1,86%"
"20/07/2020","785,83","792,82","797,11","781,60","1,59B","-0,88%"
"17/07/2020","792,82","797,85","799,79","792,82","1,58B","-0,63%"
"16/07/2020","797,85","793,95","801,17","793,95","1,71B","0,49%"
"15/07/2020","793,95","795,33","804,06","793,50","2,10B","-0,17%"
"14/07/2020","795,33","791,85","798,28","790,65","1,79B","0,44%"
"13/07/2020","791,85","784,56","794,28","782,56","1,57B","0,93%"
"10/07/2020","784,56","789,53","794,05","784,56","1,59B","-0,63%"
"09/07/2020","789,53","796,59","804,10","789,24","2,54B","-0,89%"
"08/07/2020","796,59","775,90","798,72","775,81","2,68B","2,67%"
"07/07/2020","775,90","775,30","781,59","774,74","2,14B","0,08%"
"06/07/2020","775,30","770,96","778,51","770,65","2,03B","0,56%"
"03/07/2020","770,96","769,82","775,48","769,14","2,12B","0,15%"
"02/07/2020","769,82","759,38","769,82","759,38","2,48B","1,37%"
"01/07/2020","759,38","756,20","760,78","753,49","1,52B","0,42%"
"30/06/2020","756,20","759,62","766,15","756,20","2,04B","-0,45%"
"29/06/2020","759,62","760,30","762,34","751,94","1,54B","-0,09%"
"26/06/2020","760,30","760,04","770,08","758,42","1,78B","0,03%"
"25/06/2020","760,04","771,91","771,91","757,02","1,76B","-1,54%"
"24/06/2020","771,91","754,31","775,30","754,31","2,64B","2,33%"
"23/06/2020","754,31","761,21","762,59","752,54","1,81B","-0,91%"
"22/06/2020","761,21","767,44","769,74","758,30","1,51B","-0,81%"
"19/06/2020","767,44","761,98","772,67","761,98","2,10B","0,72%"
"18/06/2020","761,98","775,46","777,99","761,98","2,31B","-1,74%"
"17/06/2020","775,46","776,03","782,61","770,85","2,48B","-0,07%"
"16/06/2020","776,03","739,86","777,20","739,86","2,96B","4,89%"
"15/06/2020","739,86","752,11","760,47","738,27","2,74B","-1,63%"
"12/06/2020","752,11","745,31","753,09","715,90","3,41B","0,91%"
"11/06/2020","745,31","758,95","762,28","736,34","2,89B","-1,80%"
"10/06/2020","758,95","782,64","782,92","754,20","3,48B","-3,03%"
"09/06/2020","782,64","795,29","808,98","782,64","3,46B","-1,59%"
"08/06/2020","795,29","770,67","803,78","770,67","4,36B","3,19%"
"05/06/2020","770,67","764,61","772,83","748,23","3,60B","0,79%"
"04/06/2020","764,61","770,66","786,17","760,21","4,38B","-0,79%"
"03/06/2020","770,66","749,52","772,07","748,19","4,96B","2,82%"
"02/06/2020","749,52","725,83","757,91","725,83","3,99B","3,26%"
"29/05/2020","725,83","709,36","725,83","706,18","6,98B","2,32%"
"28/05/2020","709,36","693,85","716,18","693,42","3,36B","2,24%"
"27/05/2020","693,85","689,33","693,85","683,93","2,70B","0,66%"
"26/05/2020","689,33","672,14","691,49","671,20","2,24B","2,56%"
"20/05/2020","672,14","671,07","675,10","664,18","1,59B","0,16%"
"19/05/2020","671,07","660,47","683,70","660,47","2,23B","1,61%"
"18/05/2020","660,47","657,10","663,62","653,55","1,89B","0,51%"
"15/05/2020","657,10","661,52","667,61","648,65","2,33B","-0,67%"
"14/05/2020","661,52","674,47","675,27","658,05","2,21B","-1,92%"
"13/05/2020","674,47","681,67","681,67","666,94","1,96B","-1,06%"
"12/05/2020","681,67","695,29","696,86","675,40","2,02B","-1,96%"
"11/05/2020","695,29","686,23","697,94","686,23","2,03B","1,32%"
"08/05/2020","686,23","687,44","693,05","684,31","2,18B","-0,18%"
"06/05/2020","687,44","690,96","694,56","684,40","1,66B","-0,51%"
"05/05/2020","690,96","689,33","702,27","687,23","1,56B","0,24%"
"04/05/2020","689,33","713,64","713,64","682,11","1,67B","-3,41%"
"30/04/2020","713,64","680,46","718,00","680,46","2,78B","4,88%"
"29/04/2020","680,46","671,17","681,33","669,63","1,68B","1,39%"
"28/04/2020","671,17","669,76","673,37","664,39","1,72B","0,21%"
"27/04/2020","669,76","663,70","674,04","660,79","1,49B","0,91%"
"24/04/2020","663,70","684,72","685,00","663,70","1,78B","-3,07%"
"23/04/2020","684,72","682,40","695,34","682,40","1,93B","0,34%"
"22/04/2020","682,40","667,63","687,51","654,86","2,09B","2,21%"
"21/04/2020","667,63","682,84","682,84","665,47","1,58B","-2,23%"
"20/04/2020","682,84","695,47","702,65","682,84","1,67B","-1,81%"
"17/04/2020","695,47","662,69","697,18","662,69","2,29B","4,95%"
"16/04/2020","662,69","694,44","694,44","660,05","2,08B","-4,57%"
"15/04/2020","694,44","712,26","721,26","690,38","2,30B","-2,50%"
"14/04/2020","712,26","693,48","712,26","693,48","2,01B","2,71%"
"13/04/2020","693,48","700,06","701,95","686,98","1,35B","-0,94%"
"09/04/2020","700,06","697,73","707,68","684,64","2,09B","0,33%"
"08/04/2020","697,73","729,74","730,18","689,93","1,99B","-4,39%"
"07/04/2020","729,74","736,73","771,21","718,02","3,56B","-0,95%"
"06/04/2020","736,73","702,42","736,73","702,42","2,96B","4,88%"
"03/04/2020","702,42","688,11","702,42","687,81","2,20B","2,08%"
"02/04/2020","688,11","678,30","688,11","660,57","1,85B","1,45%"
"01/04/2020","678,30","691,13","710,86","671,09","2,11B","-1,86%"
"31/03/2020","691,13","670,77","703,40","670,77","2,35B","3,03%"
"30/03/2020","670,77","698,78","698,78","653,23","1,46B","-4,01%"
"27/03/2020","698,78","651,41","730,23","651,41","3,96B","7,27%"
"26/03/2020","651,41","566,83","660,29","566,05","4,43B","14,92%"
"24/03/2020","566,83","583,41","614,93","566,34","2,65B","-2,84%"
"23/03/2020","583,41","624,76","624,76","583,00","1,47B","-6,62%"
"20/03/2020","624,76","612,12","642,34","573,57","3,60B","2,07%"
"19/03/2020","612,12","655,63","655,63","610,75","1,15B","-6,64%"
"18/03/2020","655,63","683,66","689,47","647,15","1,87B","-4,10%"
"17/03/2020","683,66","731,95","734,22","682,82","1,54B","-6,60%"
"16/03/2020","731,95","777,27","776,52","729,63","1,33B","-5,83%"
"13/03/2020","777,27","769,64","786,21","717,51","2,54B","0,99%"
"12/03/2020","769,64","790,92","798,78","769,64","1,58B","-6,12%"
"11/03/2020","819,77","835,32","841,95","811,03","1,73B","-1,53%"
"10/03/2020","832,47","816,92","848,16","816,91","1,71B","2,30%"
"09/03/2020","813,75","852,78","855,56","813,75","1,58B","-8,26%"
"06/03/2020","887,03","902,66","903,60","887,03","1,03B","-3,55%"
"05/03/2020","919,68","931,97","935,48","912,60","1,19B","-0,31%"
"04/03/2020","922,51","893,69","923,96","892,14","1,50B","3,43%"
"03/03/2020","891,94","876,27","900,19","874,63","1,52B","3,79%"
"02/03/2020","859,33","880,22","888,22","859,33","1,53B","-2,30%"
"28/02/2020","879,53","866,12","880,33","846,02","2,01B","-1,48%"
"27/02/2020","892,76","920,12","920,66","889,66","1,43B","-3,24%"
"26/02/2020","922,66","933,65","935,03","922,66","1,36B","-2,02%"
"25/02/2020","941,68","935,16","947,18","932,76","1,14B","0,02%"
"24/02/2020","941,51","948,12","953,91","939,09","1,42B","-1,66%"
"21/02/2020","957,37","968,17","968,99","955,86","1,22B","-1,15%"
"20/02/2020","968,54","967,99","971,65","965,04","1,11B","0,43%"
"19/02/2020","964,39","960,00","964,66","959,93","1,02B","0,85%"
"18/02/2020","956,28","951,57","963,55","951,12","1,09B","0,22%"
"17/02/2020","954,17","952,88","957,92","950,52","845,46M","0,02%"
"14/02/2020","953,95","949,61","958,46","946,99","905,28M","-0,03%"
"13/02/2020","954,21","963,53","964,90","951,81","902,88M","-0,70%"
"12/02/2020","960,98","968,34","969,58","958,54","1,09B","-0,66%"
"11/02/2020","967,38","971,70","973,94","964,93","805,05M","-0,10%"
"10/02/2020","968,34","974,96","975,82","962,97","1,18B","-0,89%"
"07/02/2020","977,00","976,57","979,45","974,59","1,07B","0,13%"
"06/02/2020","975,71","983,33","984,61","973,20","1,05B","-0,09%"
"05/02/2020","976,56","972,64","976,56","964,48","1,17B","1,21%"
"04/02/2020","964,84","970,63","970,63","961,27","1,34B","1,21%"
"03/02/2020","953,26","956,39","965,25","950,16","1,09B","-0,91%"
"31/01/2020","961,98","991,40","991,79","961,98","1,33B","-2,55%"
"30/01/2020","987,20","1.004,84","1.004,89","986,81","806,77M","-1,31%"
"29/01/2020","1.000,32","1.003,67","1.009,15","998,56","877,65M","-0,03%"
"28/01/2020","1.000,67","997,58","1.001,67","989,39","982,99M","-0,31%"
"27/01/2020","1.003,79","1.024,65","1.024,91","1.003,65","893,90M","-2,12%"
"24/01/2020","1.025,50","1.022,84","1.028,62","1.020,06","708,11M","0,09%"
"23/01/2020","1.024,59","1.023,73","1.025,62","1.019,38","801,95M","0,37%"
"22/01/2020","1.020,84","1.024,17","1.026,97","1.019,90","987,12M","-0,18%"
"21/01/2020","1.022,68","1.023,98","1.025,13","1.017,96","846,54M","0,07%"
"20/01/2020","1.022,01","1.034,94","1.035,42","1.020,65","1,06B","-0,74%"
"17/01/2020","1.029,63","1.027,63","1.029,65","1.023,34","930,98M","0,37%"
"16/01/2020","1.025,81","1.023,20","1.028,27","1.017,78","1,15B","0,07%"
"15/01/2020","1.025,07","1.032,51","1.036,62","1.018,54","1,28B","-0,70%"
"14/01/2020","1.032,32","1.028,24","1.032,32","1.025,46","1,23B","0,69%"
"13/01/2020","1.025,29","1.021,59","1.025,29","1.018,71","1,14B","0,72%"
"10/01/2020","1.018,01","1.020,16","1.021,11","1.016,41","965,23M","0,12%"
"09/01/2020","1.016,84","1.011,49","1.016,84","1.009,86","1,04B","1,13%"
"08/01/2020","1.005,45","1.007,10","1.010,44","1.004,10","1,37B","-0,91%"
"07/01/2020","1.014,64","1.013,78","1.016,53","1.008,49","1,19B","0,44%"
"06/01/2020","1.010,23","1.012,93","1.016,16","1.005,83","1,12B","-1,10%"
"03/01/2020","1.021,49","1.016,72","1.021,49","1.012,97","1,08B","0,98%"
"02/01/2020","1.011,62","1.017,16","1.017,52","1.007,50","612,73M","-0,28%"